fpr,tpr
0.0,0.0
0.0010598834128245894,0.0
0.002649708532061473,0.0
0.0037095919448860626,0.0
0.0047694753577106515,0.0
0.006359300476947536,0.0
0.007419183889772125,0.0
0.010598834128245893,0.0
0.012188659247482777,0.0
0.013248542660307366,0.0
0.017488076311605722,0.0
0.019077901430842606,0.0
0.0196078431372549,0.0
0.02066772655007949,0.0
0.024377318494965553,0.0
0.028616852146263912,0.0
0.03232644409114997,0.0
0.033386327503974564,0.0
0.034976152623211444,0.0
0.036036036036036036,0.0
0.03709591944886063,0.0
0.03815580286168521,0.0
0.041865394806571275,0.0
0.04292527821939587,0.0
0.046104928457869634,0.0
0.047164811870694226,0.0
0.04769475357710652,0.0
0.048754636989931106,0.0
0.05087440381558029,0.0
0.051934287228404874,0.0
0.052994170641229466,0.0
0.05405405405405406,0.0
0.057233704292527825,0.0
0.058823529411764705,0.0
0.06306306306306306,0.0
0.06518282988871224,0.0
0.07101218865924748,0.0
0.07207207207207207,0.0
0.08108108108108109,0.0
0.08214096449390568,0.0
0.08479067302596714,0.0
0.08585055643879173,0.0
0.09114997350291468,0.0
0.09220985691573927,0.0
0.09803921568627451,0.0
0.0990990990990991,0.0
0.10651828298887123,0.0
0.10757816640169582,0.0
0.1086380498145204,0.0
0.10969793322734499,0.0
0.11446740858505565,0.0
0.11552729199788023,0.0
0.11711711711711711,0.0
0.1181770005299417,0.0
0.12135665076841548,0.0
0.12241653418124006,0.0
0.1383147853736089,0.0
0.13937466878643348,0.0
0.14149443561208266,0.0
0.14255431902490726,0.0
0.1489136195018548,0.0
0.1499735029146794,0.0
0.15209326974032855,0.0
0.15315315315315314,0.0
0.15633280339162692,0.0
0.1579226285108638,0.0
0.1589825119236884,0.0
0.16163222045574988,0.0
0.16269210386857447,0.0
0.17011128775834658,0.0
0.17117117117117117,0.0
0.1902490726020138,0.0
0.19130895601483835,0.0
0.19554848966613672,0.0
0.1966083730789613,0.0
0.21250662427133016,0.0
0.21356650768415475,0.0
0.21409644939056705,0.0
0.21515633280339164,0.0
0.22098569157392686,0.0
0.22204557498675145,0.0
0.23529411764705882,0.0
0.2363540010598834,0.0
0.24324324324324326,0.0
0.24430312665606782,0.0
0.246422893481717,0.0
0.2474827768945416,0.0
0.25967143614202437,0.0
0.26073131955484896,0.0
0.26179120296767355,0.0
0.26391096979332274,0.0
0.2649708532061473,0.0
0.2660307366189719,0.0
0.27239003709591947,0.0
0.27344992050874406,0.0
0.28298887122416533,0.0
0.2840487546369899,0.0
0.2882882882882883,0.0
0.2893481717011129,0.0
0.2898781134075252,0.0
0.29093799682034976,0.0
0.2983571807101219,0.0
0.2994170641229465,0.0
0.30895601483836777,0.0
0.31001589825119236,0.0
0.3174350821409645,0.0
0.3184949655537891,0.0
0.3481717011128776,0.0
0.3492315845257022,0.0
0.36195018547959723,0.0
0.3630100688924218,0.0
0.37095919448860626,0.0
0.37201907790143085,0.0
0.37307896131425544,0.0
0.37413884472708003,0.0
0.3969263381028087,0.0
0.3979862215156333,0.0
0.4069952305246423,0.0
0.40805511393746685,0.0
0.40858505564387915,0.0
0.40964493905670374,0.0
0.4117647058823529,0.0
0.4138844727080021,0.0
0.4160042395336513,0.0
0.4170641229464759,0.0
0.42130365659777425,0.0
0.42236354001059884,0.0
0.4281928987811341,0.0
0.4292527821939587,0.0
0.4303126656067833,0.0
0.43137254901960786,0.0
0.43296237413884475,0.0
0.4350821409644939,0.0
0.43826179120296765,0.0
0.43932167461579225,0.0
0.4462109167991521,0.0
0.4472708002119767,0.0
0.4546899841017488,0.0
0.4562798092209857,0.0
0.4615792262851086,0.0
0.4626391096979332,0.0
0.4647588765235824,0.0
0.46687864334923157,0.0
0.46846846846846846,0.0
0.47058823529411764,0.0
0.4732379438261791,0.0
0.4742978272390037,0.0
0.4764175940646529,0.0
0.4774774774774775,0.0
0.4790673025967144,0.0
0.48012718600953896,0.0
0.48065712771595126,0.0
0.48065712771595126,0.08333333333333333
0.4854266030736619,0.08333333333333333
0.4864864864864865,0.08333333333333333
0.48913619501854794,0.08333333333333333
0.48913619501854794,0.16666666666666666
0.492845786963434,0.16666666666666666
0.4939056703762586,0.16666666666666666
0.4949655537890832,0.16666666666666666
0.4960254372019078,0.16666666666666666
0.49973502914679385,0.16666666666666666
0.5007949125596184,0.16666666666666666
0.5098039215686274,0.16666666666666666
0.510863804981452,0.16666666666666666
0.5145733969263381,0.16666666666666666
0.5156332803391627,0.16666666666666666
0.5166931637519873,0.16666666666666666
0.5177530471648119,0.16666666666666666
0.5188129305776364,0.16666666666666666
0.519872813990461,0.16666666666666666
0.5235824059353471,0.16666666666666666
0.525172231054584,0.16666666666666666
0.5283518812930578,0.16666666666666666
0.5283518812930578,0.25
0.5294117647058824,0.25
0.5294117647058824,0.3333333333333333
0.530471648118707,0.3333333333333333
0.5315315315315315,0.3333333333333333
0.5363010068892422,0.3333333333333333
0.5363010068892422,0.4166666666666667
0.5368309485956545,0.4166666666666667
0.5384207737148914,0.4166666666666667
0.5384207737148914,0.5
0.5447800741918389,0.5
0.5458399576046635,0.5
0.5479597244303127,0.5
0.5479597244303127,0.5833333333333334
0.5548489666136724,0.5833333333333334
0.5548489666136724,0.6666666666666666
0.555908850026497,0.6666666666666666
0.5569687334393216,0.6666666666666666
0.5585585585585585,0.6666666666666666
0.5596184419713831,0.6666666666666666
0.5606783253842077,0.6666666666666666
0.5627980922098569,0.6666666666666666
0.5670376258611552,0.6666666666666666
0.5680975092739798,0.6666666666666666
0.5691573926868044,0.6666666666666666
0.570217276099629,0.6666666666666666
0.5808161102278749,0.6666666666666666
0.5818759936406995,0.6666666666666666
0.584525702172761,0.6666666666666666
0.5861155272919979,0.6666666666666666
0.5866454689984102,0.6666666666666666
0.5882352941176471,0.6666666666666666
0.59353471118177,0.6666666666666666
0.5945945945945946,0.6666666666666666
0.5951245363010069,0.6666666666666666
0.5961844197138315,0.6666666666666666
0.5972443031266561,0.6666666666666666
0.5983041865394807,0.6666666666666666
0.6030736618971914,0.6666666666666666
0.604133545310016,0.6666666666666666
0.6057233704292527,0.6666666666666666
0.6078431372549019,0.6666666666666666
0.6089030206677265,0.6666666666666666
0.6089030206677265,0.75
0.6104928457869634,0.75
0.611552729199788,0.75
0.6120826709062003,0.75
0.6131425543190249,0.75
0.6147323794382618,0.75
0.6157922628510863,0.75
0.6173820879703232,0.75
0.6184419713831478,0.75
0.6189719130895601,0.75
0.620561738208797,0.75
0.629570747217806,0.75
0.6306306306306306,0.75
0.6354001059883413,0.75
0.6354001059883413,0.8333333333333334
0.6364599894011659,0.8333333333333334
0.6375198728139905,0.8333333333333334
0.6385797562268151,0.8333333333333334
0.643879173290938,0.8333333333333334
0.6449390567037626,0.8333333333333334
0.6470588235294118,0.8333333333333334
0.6481187069422364,0.8333333333333334
0.6497085320614733,0.8333333333333334
0.6512983571807102,0.8333333333333334
0.6534181240063593,0.8333333333333334
0.6560678325384208,0.8333333333333334
0.6571277159512454,0.8333333333333334
0.6592474827768945,0.8333333333333334
0.6603073661897191,0.8333333333333334
0.6687864334923158,0.8333333333333334
0.6698463169051404,0.8333333333333334
0.6730259671436142,0.8333333333333334
0.6740858505564388,0.8333333333333334
0.6756756756756757,0.8333333333333334
0.6767355590885002,0.8333333333333334
0.679915209326974,0.8333333333333334
0.6809750927397986,0.8333333333333334
0.6921038685744568,0.8333333333333334
0.6931637519872814,0.8333333333333334
0.694223635400106,0.8333333333333334
0.6963434022257552,0.8333333333333334
0.6984631690514044,0.8333333333333334
0.699523052464229,0.8333333333333334
0.7042925278219396,0.8333333333333334
0.7053524112347642,0.8333333333333334
0.708532061473238,0.8333333333333334
0.7095919448860626,0.8333333333333334
0.7106518282988871,0.8333333333333334
0.7117117117117117,0.8333333333333334
0.7127715951245363,0.8333333333333334
0.7138314785373608,0.8333333333333334
0.7180710121886592,0.8333333333333334
0.7191308956014838,0.8333333333333334
0.7196608373078961,0.8333333333333334
0.7207207207207207,0.8333333333333334
0.721250662427133,0.8333333333333334
0.7228404875463699,0.8333333333333334
0.7291997880233174,0.8333333333333334
0.730259671436142,0.8333333333333334
0.735559088500265,0.8333333333333334
0.7366189719130896,0.8333333333333334
0.7382087970323264,0.8333333333333334
0.7387387387387387,0.9166666666666666
0.7440381558028617,0.9166666666666666
0.7450980392156863,0.9166666666666666
0.7472178060413355,0.9166666666666666
0.7493375728669847,0.9166666666666666
0.7551669316375199,0.9166666666666666
0.7562268150503445,0.9166666666666666
0.7572866984631691,0.9166666666666666
0.7583465818759937,0.9166666666666666
0.7604663487016429,0.9166666666666666
0.7636459989401165,0.9166666666666666
0.7652358240593534,0.9166666666666666
0.766295707472178,0.9166666666666666
0.7678855325914149,0.9166666666666666
0.7689454160042395,0.9166666666666666
0.7700052994170641,0.9166666666666666
0.7710651828298887,0.9166666666666666
0.7779544250132485,0.9166666666666666
0.7790143084260731,0.9166666666666666
0.7927927927927928,0.9166666666666666
0.7938526762056174,0.9166666666666666
0.7965023847376789,0.9166666666666666
0.7975622681505035,0.9166666666666666
0.8033916269210387,0.9166666666666666
0.8044515103338633,0.9166666666666666
0.809220985691574,0.9166666666666666
0.8102808691043986,0.9166666666666666
0.81293057763646,0.9166666666666666
0.8139904610492846,0.9166666666666666
0.8161102278749337,0.9166666666666666
0.8171701112877583,0.9166666666666666
0.8208797032326444,0.9166666666666666
0.821939586645469,0.9166666666666666
0.8272390037095919,0.9166666666666666
0.8282988871224165,0.9166666666666666
0.8330683624801272,0.9166666666666666
0.8351881293057764,0.9166666666666666
0.8394276629570747,0.9166666666666666
0.8404875463698993,0.9166666666666666
0.8410174880763116,0.9166666666666666
0.8420773714891362,0.9166666666666666
0.8426073131955485,0.9166666666666666
0.8441971383147854,0.9166666666666666
0.84525702172761,0.9166666666666666
0.8463169051404346,0.9166666666666666
0.8468468468468469,0.9166666666666666
0.8500264970853206,0.9166666666666666
0.8505564387917329,0.9166666666666666
0.8516163222045575,0.9166666666666666
0.8521462639109698,0.9166666666666666
0.8532061473237944,0.9166666666666666
0.8563857975622682,0.9166666666666666
0.8579756226815051,0.9166666666666666
0.8669846316905141,0.9166666666666666
0.8680445151033387,0.9166666666666666
0.8691043985161632,0.9166666666666666
0.8701642819289878,0.9166666666666666
0.8706942236354,0.9166666666666666
0.8717541070482246,0.9166666666666666
0.8749337572866984,0.9166666666666666
0.875993640699523,0.9166666666666666
0.8770535241123476,0.9166666666666666
0.8781134075251722,0.9166666666666666
0.8802331743508214,0.9166666666666666
0.881293057763646,0.9166666666666666
0.8834128245892952,0.9166666666666666
0.8844727080021197,0.9166666666666666
0.8844727080021197,1.0
0.885002649708532,1.0
0.8860625331213566,1.0
0.8887122416534181,1.0
0.8897721250662427,1.0
0.8918918918918919,1.0
0.8929517753047165,1.0
0.8977212506624271,1.0
0.8987811340752517,1.0
0.9030206677265501,1.0
0.9040805511393747,1.0
0.9093799682034976,1.0
0.9109697933227345,1.0
0.9130895601483837,1.0
0.9146793852676206,1.0
0.918918918918919,1.0
0.9199788023317436,1.0
0.9205087440381559,1.0
0.9226285108638049,1.0
0.9289878113407525,1.0
0.9300476947535771,1.0
0.931637519872814,1.0
0.9326974032856385,1.0
0.9337572866984631,1.0
0.9348171701112877,1.0
0.9353471118177,1.0
0.9364069952305246,1.0
0.9395866454689984,1.0
0.940646528881823,1.0
0.9411764705882353,1.0
0.9422363540010599,1.0
0.9480657127715951,1.0
0.9491255961844197,1.0
0.9544250132485427,1.0
0.9554848966613673,1.0
0.9565447800741919,1.0
0.958664546899841,1.0
0.9888712241653418,1.0
0.9899311075781664,1.0
1.0,1.0
